mount_id,Year,week,max_temp,min_temp,rain
71032,2014,1,13.3625,5.15,0.2
71032,2014,2,15.528571428571428,3.971428571428571,0.19999999999999998
71032,2014,3,24.37142857142857,11.6,1.0857142857142856
71032,2014,4,15.685714285714285,5.071428571428571,12.885714285714286
71032,2014,5,22.271428571428572,11.771428571428572,0.34285714285714286
71032,2014,6,19.2,7.471428571428571,1.2857142857142858
71032,2014,7,18.442857142857143,10.085714285714285,4.371428571428571
71032,2014,8,14.87142857142857,3.6714285714285717,0.7999999999999999
71032,2014,9,14.828571428571427,6.6571428571428575,5.428571428571429
71032,2014,10,15.585714285714287,6.628571428571429,5.771428571428571
71032,2014,11,13.37142857142857,6.3428571428571425,3.971428571428571
71032,2014,12,11.642857142857142,3.957142857142857,4.485714285714286
71032,2014,13,11.116666666666667,6.0,8.033333333333333
71032,2014,14,12.083333333333334,5.483333333333333,7.8
71032,2014,15,9.314285714285715,3.9285714285714284,10.37142857142857
71032,2015,1,19.55,9.075,0.45
71032,2015,2,17.0,9.671428571428573,11.142857142857142
71032,2015,3,13.385714285714286,5.457142857142857,8.8
71032,2015,4,16.214285714285715,7.671428571428572,6.742857142857142
71032,2015,5,9.257142857142856,1.2714285714285716,2.1714285714285713
71032,2015,6,16.042857142857144,4.057142857142857,0.14285714285714285
71032,2015,7,15.900000000000002,8.114285714285716,6.0857142857142845
71032,2015,8,18.24285714285714,8.742857142857144,1.2
71032,2015,9,15.114285714285716,8.042857142857143,3.314285714285714
71032,2015,10,13.883333333333333,4.333333333333333,0.3
71032,2015,11,12.942857142857141,3.957142857142857,0.1142857142857143
71032,2015,12,14.314285714285715,4.5,0.7999999999999999
71032,2015,13,9.571428571428571,1.6285714285714283,2.628571428571429
71032,2015,14,12.37142857142857,3.2714285714285714,0.19999999999999998
71032,2015,15,7.242857142857143,0.8142857142857143,5.8
71032,2016,1,13.557142857142859,5.142857142857143,15.085714285714285
71032,2016,2,16.928571428571427,6.971428571428571,7.057142857142857
71032,2016,3,17.228571428571428,9.614285714285714,3.8285714285714287
71032,2016,4,14.471428571428572,7.085714285714286,9.0
71032,2016,5,14.757142857142858,4.557142857142857,3.7714285714285714
71032,2016,6,18.242857142857144,8.72857142857143,0.0
71032,2016,7,14.614285714285714,4.771428571428572,0.0
71032,2016,8,18.900000000000002,10.200000000000001,0.17142857142857143
71032,2016,9,20.357142857142858,9.685714285714285,0.028571428571428574
71032,2016,10,19.314285714285713,9.957142857142857,3.5142857142857147
71032,2016,11,11.533333333333333,4.533333333333333,8.433333333333334
71032,2016,12,11.442857142857141,3.4,0.7142857142857143
71032,2016,13,10.771428571428572,3.6714285714285713,1.657142857142857
71032,2016,14,11.242857142857144,3.0285714285714285,1.0857142857142856
71032,2016,15,10.885714285714286,3.9857142857142853,2.2
71032,2017,1,17.928571428571427,7.3999999999999995,0.4857142857142857
71032,2017,2,18.12857142857143,10.12857142857143,13.742857142857144
71032,2017,3,18.62857142857143,8.314285714285715,6.114285714285714
71032,2017,4,18.857142857142858,9.457142857142857,0.42857142857142855
71032,2017,5,17.9,10.242857142857144,0.37142857142857144
71032,2017,6,19.4,12.28,2.52
71032,2017,7,13.171428571428573,5.014285714285714,2.314285714285714
71032,2017,8,13.985714285714286,4.785714285714286,1.1714285714285713
71032,2017,9,15.6,6.771428571428571,6.085714285714286
71032,2017,10,14.4,3.3428571428571425,0.08571428571428573
71032,2017,11,15.299999999999999,6.433333333333334,0.9
71032,2017,12,14.057142857142859,7.985714285714286,8.514285714285714
71032,2017,13,12.171428571428573,3.8714285714285714,3.5714285714285716
71032,2017,14,8.628571428571428,1.1857142857142857,3.5714285714285716
71032,2017,15,8.028571428571428,0.14285714285714288,5.828571428571428
71032,2018,1,18.575,8.3875,0.0
71032,2018,2,14.557142857142859,7.857142857142857,14.314285714285715
71032,2018,3,19.285714285714285,6.1000000000000005,0.6
71032,2018,4,20.342857142857145,12.028571428571428,2.4
71032,2018,5,14.014285714285714,4.671428571428572,4.857142857142857
71032,2018,6,18.457142857142856,9.085714285714285,0.7714285714285715
71032,2018,7,15.87142857142857,5.871428571428572,0.0
71032,2018,8,14.457142857142857,7.357142857142857,6.2
71032,2018,9,16.185714285714287,4.742857142857143,1.342857142857143
71032,2018,10,16.4,4.0285714285714285,0.17142857142857146
71032,2018,11,14.87142857142857,5.7,0.1142857142857143
71032,2018,12,10.328571428571427,3.642857142857143,8.228571428571428
71032,2018,13,13.528571428571428,3.1714285714285717,6.885714285714286
71032,2018,14,14.700000000000001,5.228571428571429,0.0
71032,2018,15,12.099999999999998,6.542857142857144,4.628571428571429
71032,2019,1,20.8625,11.7125,0.35000000000000003
71032,2019,2,18.385714285714283,8.757142857142856,3.0285714285714285
71032,2019,3,23.957142857142856,12.37142857142857,1.342857142857143
71032,2019,4,22.885714285714283,12.428571428571429,0.6285714285714287
71032,2019,5,18.32857142857143,9.828571428571427,3.257142857142857
71032,2019,6,14.914285714285715,8.128571428571428,12.685714285714285
71032,2019,7,14.471428571428572,5.028571428571429,0.9428571428571428
71032,2019,8,16.299999999999997,4.55,0.0
71032,2019,9,19.485714285714288,8.142857142857142,0.6857142857142858
71032,2019,10,13.942857142857141,6.257142857142857,3.657142857142857
71032,2019,11,12.457142857142857,4.5285714285714285,1.4000000000000001
71032,2019,12,14.671428571428573,7.3,6.371428571428572
71032,2019,14,11.014285714285714,3.6714285714285717,0.8
71032,2019,15,9.385714285714286,0.8,0.31428571428571433
71032,2020,1,22.36,11.780000000000001,0.2
71032,2020,2,18.285714285714285,6.128571428571428,3.1999999999999997
71032,2020,3,16.67142857142857,6.985714285714286,1.457142857142857
71032,2020,4,16.242857142857144,6.142857142857143,9.62857142857143
71032,2020,5,23.25,11.516666666666666,0.0
71032,2020,6,14.183333333333332,4.083333333333333,3.4333333333333336
71032,2020,7,15.985714285714286,9.042857142857143,17.885714285714286
71032,2020,8,14.428571428571429,5.542857142857143,4.485714285714286
71032,2020,9,15.928571428571429,6.314285714285715,3.057142857142857
71032,2020,10,12.72857142857143,7.085714285714286,13.342857142857142
71032,2020,11,11.671428571428573,1.8285714285714287,1.8
71032,2020,12,13.942857142857141,4.414285714285714,0.0
71032,2020,13,11.257142857142856,1.8142857142857143,0.5142857142857143
71032,2020,14,9.828571428571427,3.8285714285714283,13.37142857142857
71032,2020,15,8.071428571428571,0.0,3.5428571428571423
71032,2021,1,14.400000000000002,5.128571428571428,4.971428571428572
71032,2021,2,16.242857142857144,6.5,0.05714285714285715
71032,2021,3,18.62857142857143,6.828571428571428,0.0
71032,2021,4,14.614285714285714,7.757142857142857,19.2
71032,2021,5,13.142857142857142,5.171428571428572,17.82857142857143
71032,2021,6,14.871428571428572,6.742857142857142,3.1714285714285717
71032,2021,7,16.62857142857143,6.1000000000000005,0.0
71032,2021,8,12.657142857142857,4.228571428571429,0.22857142857142856
71032,2021,9,13.114285714285714,2.257142857142857,0.0
71032,2021,10,14.071428571428571,6.285714285714286,6.685714285714285
71032,2021,11,10.314285714285715,3.685714285714286,6.6000000000000005
71032,2021,12,7.871428571428572,4.357142857142857,16.599999999999998
71032,2021,13,15.299999999999999,4.485714285714286,0.0
71032,2021,14,10.2,3.257142857142857,1.2285714285714284
71032,2021,15,7.114285714285714,-1.2714285714285716,0.6285714285714287
71032,2022,1,17.071428571428573,8.614285714285714,13.542857142857143
71032,2022,2,16.080000000000002,8.059999999999999,5.76
71032,2022,3,15.971428571428572,5.1571428571428575,1.3142857142857143
71032,2022,4,18.685714285714287,9.257142857142856,6.942857142857143
71032,2022,5,12.871428571428572,4.4714285714285715,4.771428571428571
71032,2022,6,14.357142857142858,4.171428571428572,0.2
71032,2022,7,17.3,8.157142857142857,2.1714285714285713
71032,2022,8,14.214285714285714,7.228571428571429,5.828571428571428
71032,2022,9,13.100000000000001,8.15,13.4
71032,2022,10,10.799999999999999,3.3,2.8285714285714287
71032,2022,11,14.357142857142858,5.742857142857143,0.37142857142857144
71032,2022,12,13.799999999999999,3.185714285714286,0.5142857142857143
71032,2022,13,9.028571428571428,1.9285714285714286,3.0
71032,2022,14,9.928571428571429,4.1,12.571428571428571
71032,2022,15,10.714285714285714,1.8714285714285714,0.6285714285714287
71032,2023,1,14.12857142857143,4.957142857142857,0.7142857142857143
71032,2023,2,19.87142857142857,8.642857142857142,0.8857142857142858
71032,2023,3,20.25,9.4,4.1
71032,2023,4,17.566666666666666,7.8,0.19999999999999998
71032,2023,5,10.271428571428572,3.6999999999999997,16.22857142857143
71032,2023,6,16.228571428571428,6.071428571428571,1.457142857142857
71032,2023,7,17.3,7.071428571428571,1.0857142857142856
71032,2023,8,15.599999999999998,6.314285714285715,0.48571428571428577
71032,2023,9,15.771428571428572,6.1571428571428575,1.0285714285714287
71032,2023,10,11.299999999999999,3.2285714285714286,2.914285714285714
71032,2023,11,15.942857142857141,7.914285714285714,3.8000000000000003
71032,2023,12,13.575,6.9750000000000005,5.8
71032,2024,1,17.055555555555557,7.366666666666666,4.755555555555556
71032,2024,2,17.5,9.957142857142857,12.457142857142857
71032,2024,3,14.471428571428572,6.3999999999999995,5.714285714285714
71032,2024,4,16.228571428571428,7.471428571428571,5.228571428571429
71032,2024,5,19.32857142857143,8.442857142857143,0.028571428571428574
71032,2024,6,15.985714285714286,6.057142857142857,0.9714285714285715
71032,2024,7,17.585714285714285,8.5,5.142857142857143
71032,2024,8,17.214285714285715,6.757142857142857,5.3428571428571425
71032,2024,9,18.428571428571427,11.0,0.0
71032,2024,10,18.914285714285715,7.8,0.0
71032,2024,11,14.783333333333333,6.616666666666667,0.7000000000000001
71032,2024,12,12.585714285714285,2.728571428571428,3.028571428571429
71032,2024,13,15.214285714285714,4.6571428571428575,0.0
71032,2024,14,10.257142857142856,4.428571428571429,8.657142857142857
71032,2024,15,8.814285714285715,0.2714285714285714,2.314285714285714
71075,2014,1,15.0,5.8125,0.15000000000000002
71075,2014,2,17.914285714285715,4.3,0.0
71075,2014,3,26.87142857142857,10.200000000000001,3.5714285714285716
71075,2014,4,17.642857142857142,4.385714285714285,11.657142857142857
71075,2014,5,24.75714285714286,9.885714285714286,0.1142857142857143
71075,2014,6,21.414285714285715,6.557142857142857,0.5428571428571429
71075,2014,7,20.228571428571428,7.528571428571429,5.685714285714285
71075,2014,8,17.728571428571428,3.1142857142857143,0.31428571428571433
71075,2014,9,16.9,7.371428571428572,4.514285714285714
71075,2014,10,18.314285714285713,6.285714285714286,6.114285714285714
71075,2014,11,15.614285714285714,6.728571428571429,6.085714285714286
71075,2014,12,14.071428571428571,4.6,4.0
71075,2014,13,13.242857142857144,5.542857142857144,11.799999999999999
71075,2014,14,13.75,5.683333333333334,15.299999999999999
71075,2014,15,11.266666666666666,5.266666666666667,13.733333333333334
71075,2015,1,21.7,7.85,0.2
71075,2015,2,19.442857142857143,9.571428571428571,10.485714285714286
71075,2015,3,15.657142857142857,5.6000000000000005,12.114285714285714
71075,2015,4,18.3,7.885714285714286,5.114285714285714
71075,2015,5,11.571428571428571,2.4714285714285715,2.4285714285714284
71075,2015,6,18.185714285714287,2.5714285714285716,0.17142857142857143
71075,2015,7,17.385714285714286,7.8999999999999995,3.742857142857143
71075,2015,8,20.87142857142857,7.457142857142856,2.5428571428571423
71075,2015,9,17.62857142857143,7.614285714285714,4.0
71075,2015,10,15.571428571428571,2.857142857142857,0.7999999999999999
71075,2015,11,15.171428571428573,3.042857142857143,0.028571428571428574
71075,2015,12,16.566666666666666,4.05,1.2
71075,2015,13,11.657142857142858,2.3857142857142857,0.9714285714285714
71075,2015,14,15.257142857142856,2.5,0.17142857142857143
71075,2015,15,9.728571428571428,0.9142857142857143,6.085714285714286
71075,2016,1,14.75,5.783333333333334,24.866666666666664
71075,2016,2,19.214285714285715,6.085714285714286,3.4285714285714284
71075,2016,3,19.8,10.183333333333334,8.966666666666667
71075,2016,4,16.942857142857143,8.357142857142858,11.085714285714285
71075,2016,5,16.685714285714287,4.7,3.542857142857143
71075,2016,6,20.542857142857144,7.142857142857143,0.08571428571428572
71075,2016,7,17.342857142857145,3.6000000000000005,0.0
71075,2016,8,21.885714285714283,9.5,0.5428571428571429
71075,2016,9,22.74285714285714,8.471428571428572,3.5714285714285716
71075,2016,10,21.842857142857145,9.214285714285714,2.0285714285714285
71075,2016,11,14.0,4.7,6.971428571428572
71075,2016,12,13.414285714285715,3.2714285714285714,1.342857142857143
71075,2016,13,12.700000000000001,4.042857142857143,0.7999999999999999
71075,2016,14,13.414285714285715,1.7857142857142858,2.6571428571428575
71075,2016,15,13.585714285714285,2.585714285714286,1.9142857142857141
71075,2017,1,19.857142857142858,6.042857142857143,1.1142857142857143
71075,2017,2,20.75714285714286,8.842857142857143,11.057142857142859
71075,2017,3,21.02857142857143,7.142857142857143,6.485714285714287
71075,2017,4,21.259999999999998,7.94,1.2
71075,2017,5,22.549999999999997,14.05,0.3
71075,2017,6,18.9,16.25,11.4
71075,2017,7,16.04285714285714,3.914285714285714,3.9428571428571426
71075,2017,8,16.257142857142856,4.628571428571428,1.6285714285714286
71075,2017,9,17.95714285714286,5.542857142857143,10.257142857142856
71075,2017,10,16.428571428571427,2.414285714285714,0.4571428571428572
71075,2017,11,16.95714285714286,7.614285714285714,0.6571428571428571
71075,2017,12,16.214285714285715,7.785714285714286,8.485714285714286
71075,2017,13,13.714285714285714,3.457142857142857,2.371428571428571
71075,2017,14,10.914285714285715,0.9142857142857143,4.142857142857143
71075,2017,15,10.157142857142857,-0.5571428571428572,9.085714285714285
71075,2018,1,20.9125,6.85,0.1
71075,2018,2,17.185714285714287,8.114285714285716,14.857142857142858
71075,2018,3,21.842857142857145,5.1571428571428575,0.17142857142857143
71075,2018,4,22.67142857142857,11.814285714285715,2.028571428571429
71075,2018,5,16.314285714285713,3.9714285714285715,4.685714285714285
71075,2018,6,20.714285714285715,7.428571428571429,0.6857142857142858
71075,2018,7,18.071428571428573,3.3714285714285714,0.0
71075,2018,8,17.185714285714287,6.871428571428572,7.2
71075,2018,9,17.842857142857145,3.0714285714285716,4.6571428571428575
71075,2018,10,18.285714285714285,2.314285714285714,0.2
71075,2018,11,17.514285714285712,4.942857142857143,0.17142857142857143
71075,2018,12,11.957142857142857,4.057142857142857,10.685714285714285
71075,2018,13,15.1,2.142857142857143,8.057142857142857
71075,2018,14,16.514285714285712,2.7857142857142856,0.08571428571428573
71075,2018,15,14.266666666666666,5.166666666666667,13.133333333333333
71075,2019,1,23.0375,11.7375,0.75
71075,2019,2,20.714285714285715,7.214285714285714,2.6
71075,2019,3,26.5,10.799999999999999,0.9428571428571428
71075,2019,4,24.814285714285713,10.971428571428572,0.14285714285714285
71075,2019,5,20.62857142857143,10.171428571428573,3.8
71075,2019,6,17.566666666666666,8.633333333333335,8.066666666666666
71075,2019,7,16.9,3.857142857142857,1.2857142857142858
71075,2019,8,19.02857142857143,3.3428571428571425,0.1142857142857143
71075,2019,9,22.228571428571428,5.885714285714286,0.4857142857142857
71075,2019,10,16.642857142857142,5.3,4.114285714285715
71075,2019,11,14.757142857142856,5.0,1.4285714285714286
71075,2019,12,15.685714285714285,6.628571428571429,11.857142857142858
71075,2019,13,11.357142857142858,2.457142857142857,22.142857142857142
71075,2019,14,12.971428571428572,3.4285714285714284,0.2571428571428572
71075,2019,15,11.542857142857143,-0.1714285714285715,0.2285714285714286
71075,2020,1,23.22,6.38,1.16
71075,2020,2,20.2,6.057142857142857,3.4285714285714284
71075,2020,3,19.0,6.471428571428571,1.542857142857143
71075,2020,4,18.442857142857143,7.142857142857143,8.742857142857144
71075,2020,5,25.650000000000002,9.85,0.0
71075,2020,6,15.799999999999999,3.0999999999999996,4.833333333333333
71075,2020,8,17.2,4.828571428571428,2.6
71075,2020,9,17.985714285714284,5.8999999999999995,1.657142857142857
71075,2020,10,14.028571428571428,7.585714285714286,10.0
71075,2020,11,13.1,1.2571428571428573,1.9142857142857144
71075,2020,12,16.071428571428573,4.071428571428571,0.0
71075,2020,13,13.585714285714285,0.6714285714285715,0.48571428571428577
71075,2020,14,11.714285714285714,5.014285714285714,13.6
71075,2020,15,10.428571428571429,1.3142857142857143,5.8
71075,2021,1,15.785714285714286,5.3999999999999995,5.8
71075,2021,2,18.657142857142855,7.2,0.19999999999999998
71075,2021,3,20.614285714285717,4.371428571428572,0.0
71075,2021,4,16.114285714285714,8.9,11.742857142857144
71075,2021,5,16.12857142857143,6.214285714285714,11.685714285714287
71075,2021,6,17.057142857142857,6.271428571428571,3.742857142857143
71075,2021,7,18.885714285714283,5.3428571428571425,0.0
71075,2021,8,15.042857142857144,4.714285714285714,0.2857142857142857
71075,2021,9,15.514285714285714,-0.42857142857142855,0.0
71075,2021,10,16.085714285714285,6.371428571428572,4.285714285714286
71075,2021,11,11.814285714285715,4.057142857142857,8.685714285714285
71075,2021,12,9.428571428571429,5.714285714285714,15.828571428571427
71075,2021,13,17.6,2.1,0.0
71075,2021,14,12.06,1.56,2.4
71075,2021,15,9.842857142857143,-1.5428571428571427,0.6
71075,2022,1,19.67142857142857,8.314285714285715,11.771428571428572
71075,2022,2,18.928571428571427,8.5,9.914285714285713
71075,2022,3,17.65714285714286,4.185714285714285,1.257142857142857
71075,2022,4,20.414285714285715,9.114285714285714,5.571428571428571
71075,2022,5,14.6,6.014285714285714,6.257142857142858
71075,2022,6,15.428571428571429,4.2,0.8857142857142856
71075,2022,7,19.814285714285713,7.671428571428572,0.08571428571428573
71075,2022,8,16.657142857142855,7.114285714285714,11.62857142857143
71075,2022,9,15.228571428571428,8.885714285714286,17.771428571428572
71075,2022,10,12.814285714285715,3.314285714285714,9.457142857142857
71075,2022,11,16.614285714285714,6.0,0.31428571428571433
71075,2022,14,11.1,5.275,19.45
71075,2022,15,12.842857142857143,1.6142857142857143,1.0857142857142856
71075,2023,1,15.571428571428571,4.114285714285714,2.685714285714286
71075,2023,2,22.585714285714285,7.071428571428571,0.9714285714285714
71075,2023,3,16.742857142857144,5.585714285714286,7.142857142857143
71075,2023,4,18.47142857142857,5.957142857142857,4.171428571428572
71075,2023,5,12.942857142857141,3.9285714285714284,20.171428571428574
71075,2023,6,18.67142857142857,5.057142857142857,5.257142857142858
71075,2023,7,19.900000000000002,6.3428571428571425,0.8
71075,2023,8,17.742857142857144,5.171428571428572,1.1714285714285713
71075,2023,9,17.928571428571427,6.3,0.6857142857142857
71075,2023,10,13.057142857142859,2.942857142857143,2.085714285714286
71075,2023,11,17.97142857142857,8.4,5.057142857142857
71075,2023,12,14.714285714285714,5.185714285714285,5.485714285714286
71075,2023,13,10.614285714285714,4.4,8.0
71075,2023,14,10.857142857142858,1.8714285714285714,4.342857142857143
71075,2023,15,8.471428571428572,1.0571428571428572,7.8
71075,2024,1,19.27777777777778,6.666666666666667,7.666666666666667
71075,2024,2,19.97142857142857,10.014285714285714,6.628571428571428
71075,2024,3,16.714285714285715,7.028571428571429,4.6000000000000005
71075,2024,4,18.385714285714283,8.014285714285714,5.2
71075,2024,5,21.97142857142857,7.828571428571428,0.028571428571428574
71075,2024,6,17.728571428571428,5.414285714285714,0.8857142857142858
71075,2024,7,20.285714285714285,9.342857142857143,3.8000000000000003
71075,2024,8,19.557142857142857,5.228571428571429,2.342857142857143
71075,2024,9,20.150000000000002,9.85,0.0
71075,2024,10,21.24285714285714,5.428571428571429,0.0
71075,2024,11,17.757142857142856,6.071428571428571,1.8
71075,2024,12,15.25,6.050000000000001,7.3999999999999995
71075,2024,13,17.942857142857143,2.8000000000000003,0.0
71075,2024,14,12.171428571428573,5.571428571428571,12.714285714285714
71075,2024,15,11.6,0.14285714285714293,2.3428571428571425
72161,2014,1,17.5625,8.15,0.75
72161,2014,2,20.75714285714286,7.942857142857143,0.0
72161,2014,4,20.771428571428572,9.37142857142857,6.028571428571429
72161,2014,6,24.928571428571427,12.971428571428573,0.0
72161,2014,7,22.3,14.185714285714285,9.085714285714285
72161,2014,8,18.557142857142857,7.814285714285715,2.028571428571429
72161,2014,9,18.557142857142857,11.114285714285714,6.571428571428571
72161,2014,10,20.042857142857144,11.0,1.2857142857142858
72161,2014,11,17.47142857142857,10.528571428571428,5.171428571428572
72161,2014,12,16.385714285714286,8.014285714285714,5.085714285714286
72161,2014,13,14.042857142857143,9.228571428571428,3.857142857142857
72161,2014,14,15.366666666666667,9.833333333333334,5.933333333333334
72161,2014,15,13.414285714285715,7.1571428571428575,8.114285714285714
72161,2015,1,23.5,13.725,0.0
72161,2015,3,17.04285714285714,8.72857142857143,5.200000000000001
72161,2015,4,20.314285714285713,11.528571428571428,6.0
72161,2015,5,15.014285714285714,5.971428571428571,0.5142857142857143
72161,2015,6,20.614285714285717,9.657142857142857,0.0
72161,2015,7,19.485714285714288,11.4,4.0
72161,2015,8,22.02857142857143,13.357142857142858,4.514285714285714
72161,2015,9,20.35,13.85,0.0
72161,2015,10,16.685714285714287,6.8,0.39999999999999997
72161,2015,11,18.32857142857143,8.8,0.0
72161,2015,12,18.62857142857143,8.428571428571429,0.39999999999999997
72161,2015,13,12.742857142857144,5.1000000000000005,1.942857142857143
72161,2015,14,16.057142857142857,8.471428571428572,0.2571428571428572
72161,2015,15,11.700000000000001,4.585714285714286,6.828571428571428
72161,2016,1,18.04285714285714,9.642857142857142,2.5142857142857147
72161,2016,2,21.885714285714283,11.685714285714285,2.0
72161,2016,3,21.657142857142855,13.928571428571429,7.4
72161,2016,4,18.47142857142857,10.142857142857142,9.62857142857143
72161,2016,5,18.314285714285713,8.457142857142857,2.7142857142857144
72161,2016,6,23.25714285714286,13.985714285714286,0.0
72161,2016,7,19.457142857142856,8.72857142857143,0.0
72161,2016,8,24.114285714285717,14.342857142857143,0.028571428571428574
72161,2016,9,25.228571428571428,14.957142857142857,0.0
72161,2016,10,24.514285714285712,15.828571428571427,2.7142857142857144
72161,2016,11,16.733333333333334,8.183333333333334,6.3
72161,2016,12,15.6,7.1,0.6571428571428571
72161,2016,13,15.357142857142858,7.771428571428572,0.2857142857142857
72161,2016,14,15.1,7.8428571428571425,0.11428571428571428
72161,2016,15,15.566666666666668,8.066666666666666,0.0
72161,2017,1,21.428571428571427,11.257142857142856,0.0
72161,2017,2,21.24285714285714,13.200000000000001,12.400000000000002
72161,2017,3,21.514285714285712,12.0,4.514285714285714
72161,2017,4,23.32857142857143,13.828571428571427,0.0
72161,2017,5,22.342857142857145,13.657142857142857,0.0
72161,2017,6,22.47142857142857,15.0,2.0
72161,2017,7,17.84285714285714,8.028571428571428,2.142857142857143
72161,2017,8,18.985714285714288,8.014285714285714,1.1714285714285713
72161,2017,9,19.957142857142856,11.171428571428573,1.8285714285714287
72161,2017,10,18.8,7.985714285714286,1.4857142857142858
72161,2017,11,19.599999999999998,10.328571428571427,0.2571428571428572
72161,2017,12,17.27142857142857,11.528571428571428,6.942857142857142
72161,2017,13,16.257142857142856,7.414285714285714,1.542857142857143
72161,2017,14,12.957142857142857,5.8,0.7142857142857143
72161,2017,15,11.5,3.3000000000000003,7.285714285714286
72161,2018,1,22.9375,13.0,0.05
72161,2018,2,18.814285714285713,10.642857142857142,15.342857142857143
72161,2018,3,23.414285714285715,12.414285714285715,0.0
72161,2018,4,23.400000000000002,16.114285714285714,2.0
72161,2018,5,18.52857142857143,8.857142857142858,2.542857142857143
72161,2018,6,23.24285714285714,14.214285714285714,0.5714285714285714
72161,2018,7,20.728571428571428,9.957142857142857,0.0
72161,2018,8,19.357142857142858,12.085714285714285,4.514285714285714
72161,2018,9,20.2,8.842857142857143,0.4571428571428572
72161,2018,10,20.714285714285715,9.571428571428571,0.0
72161,2018,11,20.7,10.157142857142857,0.19999999999999998
72161,2018,12,15.657142857142857,7.328571428571428,0.2857142857142857
72161,2018,13,17.02857142857143,7.057142857142858,3.085714285714286
72161,2018,14,19.7,10.828571428571427,0.0
72161,2018,15,17.285714285714285,10.471428571428572,4.6571428571428575
72161,2019,1,25.675,16.725,0.425
72161,2019,2,22.814285714285713,11.842857142857143,4.171428571428572
72161,2019,5,22.542857142857144,12.9,2.6285714285714286
72161,2019,6,19.0,11.385714285714286,6.771428571428572
72161,2019,7,19.17142857142857,8.614285714285714,0.0
72161,2019,8,21.485714285714288,9.828571428571427,0.5428571428571428
72161,2019,9,23.82857142857143,12.885714285714286,0.0
72161,2019,10,18.671428571428574,9.328571428571427,4.828571428571428
72161,2019,11,17.24285714285714,8.414285714285715,0.7999999999999999
72161,2019,12,18.02857142857143,11.114285714285714,5.771428571428571
72161,2019,13,11.542857142857143,5.214285714285714,12.942857142857145
72161,2019,14,14.542857142857143,6.928571428571429,0.5142857142857143
72161,2019,15,13.314285714285715,5.585714285714286,0.0
72161,2020,1,23.075,13.275,0.2
72161,2020,2,24.52,11.620000000000001,1.3199999999999998
72161,2020,3,20.766666666666666,10.166666666666666,2.9333333333333336
72161,2020,4,20.614285714285717,10.071428571428571,7.514285714285714
72161,2020,6,18.714285714285715,8.514285714285714,0.6571428571428571
72161,2020,7,21.057142857142857,12.457142857142857,15.971428571428572
72161,2020,8,19.0,9.242857142857144,1.6857142857142857
72161,2020,9,20.0,10.228571428571428,0.6571428571428571
72161,2020,10,16.95714285714286,10.585714285714285,12.37142857142857
72161,2020,11,15.714285714285714,6.471428571428572,2.742857142857143
72161,2020,12,17.914285714285715,8.585714285714285,0.0
72161,2020,13,15.87142857142857,6.114285714285714,0.5714285714285714
72161,2020,14,12.014285714285716,7.314285714285715,10.542857142857143
72161,2020,15,10.314285714285715,4.0285714285714285,4.314285714285714
72161,2021,1,18.071428571428573,8.942857142857143,3.742857142857143
72161,2021,2,20.714285714285715,10.514285714285714,0.2857142857142857
72161,2021,3,23.771428571428572,11.742857142857144,0.0
72161,2021,4,18.928571428571427,12.428571428571429,11.885714285714286
72161,2021,5,17.900000000000002,9.157142857142857,22.114285714285717
72161,2021,6,18.75714285714286,10.142857142857142,3.4285714285714284
72161,2021,7,20.25714285714286,9.957142857142857,0.0
72161,2021,8,17.442857142857143,8.414285714285715,0.6857142857142858
72161,2021,9,16.871428571428574,6.457142857142857,0.0
72161,2021,10,17.67142857142857,9.757142857142856,3.3142857142857145
72161,2021,11,13.785714285714286,7.014285714285714,1.1714285714285713
72161,2021,12,11.414285714285715,7.642857142857143,20.142857142857142
72161,2021,13,17.757142857142856,9.428571428571429,0.0
72161,2021,14,13.542857142857143,7.557142857142857,1.0
72161,2021,15,10.471428571428572,2.6714285714285713,1.7142857142857142
72161,2022,1,20.900000000000002,12.200000000000001,9.428571428571429
72161,2022,2,20.75714285714286,12.12857142857143,12.057142857142859
72161,2022,3,18.97142857142857,9.457142857142857,2.5714285714285716
72161,2022,4,21.214285714285715,13.442857142857141,9.285714285714286
72161,2022,5,16.757142857142856,8.714285714285714,3.942857142857143
72161,2022,6,18.75714285714286,8.528571428571428,0.0
72161,2022,7,21.12857142857143,12.557142857142859,0.1142857142857143
72161,2022,8,19.057142857142853,11.37142857142857,3.085714285714286
72161,2022,9,18.157142857142855,11.200000000000001,3.6
72161,2022,10,16.057142857142857,7.628571428571428,0.4571428571428572
72161,2022,11,18.042857142857144,10.471428571428572,3.142857142857143
72161,2022,12,17.557142857142857,9.257142857142856,0.37142857142857144
72161,2022,13,12.671428571428573,6.714285714285714,0.39999999999999997
72161,2022,14,12.514285714285714,7.299999999999999,4.6571428571428575
72161,2022,15,13.942857142857145,7.057142857142857,0.05714285714285715
72161,2023,1,17.97142857142857,9.071428571428571,0.19999999999999998
72161,2023,2,24.014285714285712,13.714285714285714,3.857142857142857
72161,2023,3,18.97142857142857,10.342857142857143,4.571428571428571
72161,2023,4,19.928571428571427,11.471428571428572,5.285714285714286
72161,2023,5,14.385714285714286,6.971428571428572,10.799999999999999
72161,2023,6,20.357142857142858,10.642857142857142,2.3714285714285714
72161,2023,7,21.985714285714288,11.957142857142857,0.0
72161,2023,8,20.17142857142857,10.314285714285715,0.08571428571428572
72161,2023,9,20.142857142857142,10.62857142857143,0.14285714285714285
72161,2023,10,15.5,6.914285714285714,0.31428571428571433
72161,2023,11,21.342857142857145,10.928571428571429,0.0
72161,2023,12,16.17142857142857,9.799999999999999,4.142857142857143
72161,2023,13,11.057142857142859,6.514285714285714,12.428571428571429
72161,2023,14,11.914285714285715,6.214285714285714,4.428571428571429
72161,2023,15,10.542857142857143,3.642857142857143,3.0285714285714285
72161,2024,1,21.05,11.5,1.4
72161,2024,2,21.157142857142855,13.271428571428572,11.37142857142857
72161,2024,3,18.049999999999997,10.725,0.6
72161,2024,4,19.400000000000002,11.316666666666668,3.466666666666667
72161,2024,5,23.2,13.214285714285714,0.0
72161,2024,6,19.849999999999998,9.933333333333334,2.8666666666666667
72161,2024,7,22.114285714285717,12.728571428571428,3.0
72161,2024,8,21.571428571428573,11.6,3.8285714285714287
72161,2024,9,22.985714285714288,13.685714285714285,0.19999999999999998
72161,2024,10,23.342857142857145,13.0,0.0
72161,2024,11,19.520000000000003,10.7,1.72
72161,2024,12,16.97142857142857,7.257142857142857,6.057142857142857
72161,2024,13,19.25714285714286,10.457142857142857,0.0
72161,2024,14,13.671428571428573,8.37142857142857,8.457142857142857
72161,2024,15,12.071428571428571,4.8,2.3428571428571425
83024,2014,1,13.55,4.675,1.75
83024,2014,2,16.485714285714288,6.114285714285714,0.6
83024,2014,3,26.285714285714285,16.885714285714286,0.05714285714285715
83024,2014,4,16.642857142857142,6.685714285714285,7.142857142857143
83024,2014,5,24.957142857142856,15.299999999999999,0.0
83024,2014,6,22.82857142857143,12.814285714285713,0.5142857142857143
83024,2014,7,19.928571428571427,12.071428571428571,1.2
83024,2014,8,14.714285714285714,5.142857142857143,3.7714285714285714
83024,2014,9,17.65714285714286,8.614285714285716,0.4857142857142857
83024,2014,10,18.142857142857142,8.714285714285714,0.2571428571428572
83024,2014,11,15.485714285714286,8.6,4.742857142857142
83024,2014,12,12.457142857142857,5.271428571428571,3.8857142857142857
83024,2014,13,13.185714285714285,7.171428571428572,4.942857142857143
83024,2014,14,14.042857142857143,7.757142857142857,2.085714285714286
83024,2014,15,10.6,6.028571428571429,9.62857142857143
83024,2015,1,20.825,11.549999999999999,1.4
83024,2015,2,18.228571428571428,11.571428571428571,7.3999999999999995
83024,2015,3,13.933333333333332,7.316666666666666,7.733333333333333
83024,2015,4,17.52857142857143,9.285714285714286,6.4
83024,2015,5,11.785714285714286,2.242857142857143,0.0
83024,2015,6,18.671428571428574,8.685714285714285,0.0
83024,2015,7,19.228571428571428,11.028571428571428,12.257142857142856
83024,2015,8,20.02857142857143,12.028571428571428,1.1714285714285713
83024,2015,9,16.585714285714285,9.757142857142856,4.057142857142857
83024,2015,10,12.671428571428573,3.6999999999999997,0.39999999999999997
83024,2015,11,14.957142857142856,5.7,0.0
83024,2015,12,13.971428571428572,6.185714285714285,1.1142857142857143
83024,2015,13,9.271428571428572,2.6999999999999997,3.3142857142857145
83024,2015,14,12.799999999999999,5.6571428571428575,0.05714285714285715
83024,2015,15,9.228571428571428,2.4714285714285715,1.4285714285714286
83024,2016,1,15.533333333333333,7.7,4.4
83024,2016,2,19.585714285714285,8.914285714285715,1.0857142857142859
83024,2016,3,19.349999999999998,11.549999999999999,3.6666666666666665
83024,2016,4,14.057142857142859,7.257142857142857,6.142857142857143
83024,2016,5,16.928571428571427,7.1,2.457142857142857
83024,2016,6,19.885714285714283,12.271428571428572,0.0
83024,2016,7,15.928571428571429,5.642857142857143,0.05714285714285715
83024,2016,8,21.216666666666665,12.383333333333333,0.6333333333333333
83024,2016,9,23.583333333333332,13.783333333333333,0.0
83024,2016,10,21.714285714285715,14.257142857142856,4.428571428571429
83024,2016,11,14.0,7.128571428571428,12.4
83024,2016,12,12.642857142857142,5.5,0.17142857142857143
83024,2016,13,12.228571428571428,5.285714285714286,0.0
83024,2016,14,11.428571428571429,4.442857142857143,3.2285714285714286
83024,2016,15,13.214285714285714,6.128571428571428,0.0
83024,2017,1,19.02857142857143,10.514285714285714,0.028571428571428574
83024,2017,2,16.95714285714286,8.9,11.742857142857144
83024,2017,3,18.042857142857144,9.057142857142857,6.857142857142857
83024,2017,4,19.7,11.87142857142857,0.4571428571428572
83024,2017,5,17.485714285714288,9.27142857142857,1.1714285714285713
83024,2017,6,19.057142857142857,12.8,5.085714285714286
83024,2017,7,12.785714285714286,4.6000000000000005,0.0
83024,2017,8,14.985714285714286,5.685714285714285,2.771428571428572
83024,2017,9,19.185714285714287,10.171428571428573,0.08571428571428572
83024,2017,10,17.52857142857143,9.542857142857143,0.0
83024,2017,11,19.342857142857145,9.957142857142857,0.42857142857142855
83024,2017,12,15.285714285714286,10.171428571428573,4.085714285714286
83024,2017,13,11.071428571428571,3.0285714285714285,1.1142857142857143
83024,2017,14,10.342857142857143,4.228571428571429,1.4857142857142858
83024,2017,15,9.742857142857144,2.085714285714286,6.685714285714285
83024,2018,1,19.3125,10.4,0.15
83024,2018,2,15.214285714285714,8.4,4.914285714285714
83024,2018,3,21.24285714285714,11.157142857142857,0.0
83024,2018,4,22.542857142857144,14.299999999999999,3.3142857142857145
83024,2018,5,15.257142857142856,7.228571428571429,4.314285714285714
83024,2018,6,20.32857142857143,12.242857142857144,1.2571428571428573
83024,2018,7,15.342857142857143,6.414285714285714,0.0
83024,2018,8,16.642857142857142,9.771428571428572,1.3142857142857143
83024,2018,9,17.442857142857143,7.514285714285714,0.0
83024,2018,10,18.085714285714285,8.428571428571429,0.0
83024,2018,11,16.142857142857142,7.614285714285714,0.17142857142857143
83024,2018,12,12.9,5.985714285714286,5.914285714285714
83024,2018,13,12.557142857142859,3.5285714285714285,2.4857142857142853
83024,2018,14,15.642857142857142,7.8,0.0
83024,2018,15,13.557142857142859,7.128571428571428,7.628571428571429
83024,2019,1,21.8125,13.65,2.0
83024,2019,2,20.071428571428573,9.971428571428572,0.0
83024,2019,3,25.214285714285715,15.842857142857143,0.5428571428571428
83024,2019,4,24.914285714285715,15.428571428571429,1.1428571428571428
83024,2019,5,19.385714285714283,10.514285714285714,3.3428571428571425
83024,2019,6,16.914285714285715,9.5,3.5428571428571423
83024,2019,7,14.714285714285714,5.314285714285715,3.942857142857143
83024,2019,8,17.485714285714288,8.585714285714285,0.0
83024,2019,9,21.857142857142858,12.785714285714286,0.0
83024,2019,10,15.285714285714286,7.385714285714286,3.8285714285714287
83024,2019,11,13.87142857142857,5.514285714285714,0.9428571428571428
83024,2019,12,17.27142857142857,10.242857142857144,0.6285714285714287
83024,2019,13,8.942857142857143,1.7571428571428573,8.22857142857143
83024,2019,14,11.857142857142858,5.528571428571429,0.028571428571428574
83024,2019,15,9.814285714285715,2.4714285714285715,1.6857142857142855
83024,2020,1,21.240000000000002,12.0,0.0
83024,2020,2,17.814285714285713,7.428571428571429,3.7714285714285714
83024,2020,3,19.357142857142858,10.142857142857142,1.8
83024,2020,4,14.057142857142859,6.528571428571428,10.77142857142857
83024,2020,5,23.066666666666666,14.283333333333333,0.0
83024,2020,6,15.87142857142857,6.871428571428572,0.7142857142857143
83024,2020,7,18.242857142857144,10.928571428571429,4.228571428571429
83024,2020,8,14.828571428571427,6.914285714285714,4.371428571428572
83024,2020,9,14.87142857142857,6.257142857142857,1.2
83024,2020,10,13.342857142857143,7.728571428571429,13.914285714285715
83024,2020,11,12.457142857142857,4.642857142857143,0.5142857142857143
83024,2020,12,13.571428571428571,6.042857142857143,0.2285714285714286
83024,2020,13,12.1,4.371428571428572,0.0
83024,2020,14,9.128571428571428,4.314285714285714,16.142857142857142
83024,2020,15,8.22857142857143,1.6285714285714286,10.228571428571428
83024,2021,1,16.4,7.771428571428571,3.4
83024,2021,2,15.614285714285714,7.528571428571429,2.085714285714286
83024,2021,3,19.74285714285714,9.128571428571428,0.0
83024,2021,4,18.34,11.4,13.040000000000001
83024,2021,5,13.428571428571429,6.7,8.142857142857142
83024,2021,6,15.785714285714286,8.471428571428572,2.2
83024,2021,7,18.52857142857143,10.5,0.0
83024,2021,8,13.385714285714286,4.385714285714285,0.6
83024,2021,9,13.214285714285714,3.8142857142857145,0.0
83024,2021,10,13.428571428571429,6.628571428571428,5.8
83024,2021,11,13.914285714285715,6.314285714285715,1.1999999999999997
83024,2021,12,8.3,5.5,12.200000000000001
83024,2021,13,15.528571428571428,7.757142857142857,0.0
83024,2021,14,10.200000000000001,5.628571428571428,2.1142857142857143
83024,2021,15,6.471428571428571,-0.41428571428571426,2.3428571428571425
83024,2022,1,16.785714285714285,10.685714285714285,6.771428571428571
83024,2022,2,18.3,10.914285714285715,2.0
83024,2022,3,18.057142857142857,10.1,0.028571428571428574
83024,2022,4,19.057142857142857,11.942857142857141,10.714285714285712
83024,2022,5,13.885714285714286,5.414285714285714,1.0857142857142859
83024,2022,6,16.0,8.0,0.3428571428571429
83024,2022,7,17.6,9.62857142857143,0.48571428571428577
83024,2022,8,16.97142857142857,9.342857142857143,0.8571428571428571
83024,2022,9,16.271428571428572,9.671428571428573,12.285714285714286
83024,2022,10,13.114285714285714,5.414285714285714,0.05714285714285715
83024,2022,11,15.085714285714285,8.77142857142857,1.3714285714285714
83024,2022,12,14.671428571428573,6.971428571428571,0.6571428571428573
83024,2022,13,10.685714285714285,4.857142857142857,0.14285714285714285
83024,2022,14,10.671428571428573,5.971428571428571,2.6285714285714286
83024,2022,15,11.942857142857141,4.928571428571429,0.19999999999999998
83024,2023,1,14.928571428571429,7.542857142857143,0.05714285714285715
83024,2023,2,21.383333333333336,13.316666666666668,0.06666666666666667
83024,2023,3,15.485714285714286,7.685714285714285,3.1428571428571432
83024,2023,4,17.2,9.557142857142859,1.0571428571428572
83024,2023,5,11.828571428571427,4.185714285714286,7.428571428571429
83024,2023,6,17.6,9.37142857142857,0.05714285714285715
83024,2023,7,18.814285714285713,9.299999999999999,1.8857142857142857
83024,2023,8,17.82857142857143,9.928571428571429,0.42857142857142855
83024,2023,9,16.714285714285715,8.957142857142857,0.08571428571428573
83024,2023,10,10.985714285714286,3.3000000000000003,6.942857142857143
83024,2023,11,17.257142857142856,8.714285714285714,1.2285714285714284
83024,2023,12,14.285714285714286,8.042857142857143,8.342857142857143
83024,2023,13,7.728571428571428,2.6571428571428575,10.514285714285714
83024,2023,14,9.114285714285714,4.371428571428572,4.914285714285714
83024,2023,15,8.942857142857143,2.0714285714285716,8.114285714285716
83024,2024,1,17.844444444444445,10.155555555555557,7.888888888888889
83024,2024,2,18.728571428571428,11.7,11.0
83024,2024,3,14.271428571428572,6.928571428571429,7.0
83024,2024,4,15.728571428571428,6.871428571428572,8.028571428571428
83024,2024,5,18.67142857142857,10.228571428571428,0.0
83024,2024,6,16.52857142857143,8.957142857142857,0.8285714285714285
83024,2024,7,18.242857142857144,9.6,0.9714285714285714
83024,2024,8,17.95714285714286,10.085714285714285,1.0857142857142856
83024,2024,9,18.914285714285715,11.442857142857141,0.0
83024,2024,10,20.8,11.12857142857143,0.0
83024,2024,11,16.983333333333334,9.950000000000001,0.7333333333333334
83024,2024,12,13.299999999999999,4.771428571428571,4.2
83024,2024,13,16.357142857142858,8.6,0.0
83024,2024,14,10.928571428571429,5.514285714285714,5.942857142857143
83024,2024,15,9.028571428571428,1.7571428571428573,2.914285714285714
83084,2014,1,13.5625,5.5625,1.35
83084,2014,2,16.442857142857143,5.057142857142857,0.4857142857142857
83084,2014,3,26.228571428571428,16.485714285714288,0.7142857142857143
83084,2014,4,16.385714285714286,6.742857142857143,6.514285714285714
83084,2014,5,23.957142857142856,14.6,0.0
83084,2014,6,21.657142857142855,11.042857142857144,0.14285714285714285
83084,2014,7,19.599999999999998,12.37142857142857,2.7142857142857144
83084,2014,8,15.757142857142856,5.285714285714286,1.5999999999999999
83084,2014,9,16.685714285714287,8.457142857142857,0.4571428571428572
83084,2014,10,17.6,9.171428571428573,0.4857142857142857
83084,2014,11,14.957142857142857,8.042857142857143,4.571428571428571
83084,2014,12,11.985714285714284,5.571428571428571,2.942857142857143
83084,2014,13,12.357142857142858,6.828571428571428,6.285714285714286
83084,2014,14,12.383333333333333,6.783333333333334,6.1000000000000005
83084,2014,15,10.228571428571428,5.3999999999999995,8.142857142857142
83084,2015,1,20.275,12.5,0.0
83084,2015,2,17.385714285714286,11.9,9.799999999999999
83084,2015,3,14.857142857142858,7.114285714285714,7.171428571428571
83084,2015,4,17.185714285714287,9.085714285714285,5.6571428571428575
83084,2015,5,10.700000000000001,2.557142857142857,0.2857142857142857
83084,2015,6,18.285714285714285,6.857142857142857,0.0
83084,2015,7,18.271428571428572,9.985714285714286,8.085714285714285
83084,2015,8,19.771428571428572,11.914285714285715,4.628571428571428
83084,2015,9,16.95714285714286,9.885714285714286,2.8857142857142857
83084,2015,10,13.257142857142856,4.6571428571428575,0.0
83084,2015,11,14.8,5.8428571428571425,0.0
83084,2015,12,14.785714285714286,6.057142857142857,1.9428571428571428
83084,2015,13,9.628571428571428,2.8285714285714287,1.2
83084,2015,14,12.914285714285715,5.885714285714286,0.1142857142857143
83084,2015,15,8.442857142857143,2.314285714285714,0.9714285714285715
83084,2016,1,14.299999999999999,6.95,7.666666666666667
83084,2016,2,19.099999999999998,8.857142857142858,1.4857142857142858
83084,2016,3,18.32857142857143,11.485714285714286,3.2
83084,2016,4,14.257142857142856,6.6000000000000005,11.257142857142858
83084,2016,5,15.957142857142857,6.014285714285714,2.542857142857143
83084,2016,6,20.014285714285712,11.714285714285714,0.0
83084,2016,7,15.685714285714285,5.714285714285714,0.0
83084,2016,8,20.400000000000002,11.528571428571428,0.0
83084,2016,9,22.0,13.1,1.5714285714285714
83084,2016,10,20.485714285714288,13.528571428571428,3.6000000000000005
83084,2016,11,13.671428571428573,6.728571428571429,7.428571428571429
83084,2016,12,12.514285714285714,4.985714285714286,0.19999999999999998
83084,2016,13,11.742857142857144,4.257142857142857,0.37142857142857144
83084,2016,14,11.6,4.757142857142857,1.7142857142857142
83084,2016,15,12.685714285714285,5.6000000000000005,0.0
83084,2017,1,18.814285714285713,9.942857142857141,2.2285714285714286
83084,2017,2,16.842857142857145,10.457142857142857,16.085714285714285
83084,2017,3,19.042857142857144,8.7,7.057142857142858
83084,2017,4,20.042857142857144,11.428571428571429,0.19999999999999998
83084,2017,5,17.97142857142857,10.62857142857143,0.1142857142857143
83084,2017,6,19.185714285714287,12.942857142857141,5.799999999999999
83084,2017,7,13.528571428571428,4.957142857142857,0.4857142857142857
83084,2017,8,15.12857142857143,4.714285714285714,1.2571428571428573
83084,2017,9,18.157142857142855,9.642857142857142,0.9428571428571428
83084,2017,10,16.414285714285715,7.228571428571429,0.028571428571428574
83084,2017,11,18.442857142857143,8.628571428571428,0.6857142857142857
83084,2017,12,15.228571428571428,9.942857142857141,9.685714285714285
83084,2017,13,11.799999999999999,3.942857142857143,3.1714285714285713
83084,2017,14,10.328571428571427,3.8285714285714287,2.4857142857142853
83084,2017,15,9.514285714285714,1.6714285714285713,5.485714285714286
83084,2018,1,19.571428571428573,10.342857142857143,0.0
83084,2018,2,15.6,8.428571428571429,7.6571428571428575
83084,2018,3,20.571428571428573,10.171428571428573,0.028571428571428574
83084,2018,4,21.7,13.914285714285715,4.914285714285714
83084,2018,5,14.685714285714285,5.585714285714286,5.685714285714285
83084,2018,6,19.87142857142857,11.514285714285714,0.5428571428571429
83084,2018,7,16.67142857142857,7.128571428571429,0.0
83084,2018,8,14.357142857142858,8.885714285714286,3.6
83084,2018,9,16.771428571428572,6.857142857142857,3.1142857142857143
83084,2018,10,18.085714285714285,7.457142857142857,0.0
83084,2018,11,15.814285714285715,6.8428571428571425,0.1142857142857143
83084,2018,12,11.62857142857143,5.228571428571429,5.342857142857143
83084,2018,13,12.62857142857143,4.285714285714286,4.6000000000000005
83084,2018,14,15.528571428571428,8.257142857142856,0.0
83084,2018,15,13.357142857142858,7.5,5.371428571428572
83084,2019,1,23.6,18.35,0.0
83084,2020,1,22.020000000000003,10.36,0.04
83084,2020,2,18.357142857142858,6.457142857142857,2.7142857142857144
83084,2020,3,20.099999999999998,9.328571428571427,0.2857142857142857
83084,2020,4,14.442857142857141,6.928571428571429,14.428571428571429
83084,2020,5,22.62857142857143,14.528571428571428,0.4857142857142857
83084,2020,6,16.15714285714286,6.228571428571429,1.1714285714285715
83084,2020,7,17.17142857142857,10.299999999999999,9.657142857142857
83084,2020,8,14.700000000000001,6.5,2.485714285714286
83084,2020,9,15.785714285714286,7.742857142857143,1.1428571428571428
83084,2020,10,13.071428571428571,7.457142857142857,20.657142857142855
83084,2020,11,9.95,1.025,5.3
83084,2020,12,14.357142857142858,6.228571428571429,0.1142857142857143
83084,2020,13,12.299999999999999,3.242857142857143,0.0
83084,2020,14,9.257142857142856,4.885714285714286,12.142857142857142
83084,2020,15,8.371428571428572,1.2571428571428573,10.571428571428571
83084,2021,1,15.37142857142857,7.142857142857143,4.942857142857143
83084,2021,2,16.37142857142857,7.642857142857143,0.2285714285714286
83084,2021,3,19.900000000000002,9.27142857142857,0.0
83084,2021,4,15.814285714285715,9.985714285714284,25.942857142857143
83084,2021,5,12.971428571428572,6.128571428571428,12.571428571428571
83084,2021,6,15.5,7.542857142857143,4.799999999999999
83084,2021,7,18.47142857142857,9.6,0.05714285714285715
83084,2021,8,13.700000000000001,4.757142857142857,0.08571428571428573
83084,2021,9,14.1,3.2285714285714286,0.0
83084,2021,10,13.657142857142857,7.328571428571428,4.0285714285714285
83084,2021,11,13.771428571428572,5.257142857142858,3.9714285714285715
83084,2021,12,9.214285714285714,5.585714285714286,14.457142857142857
83084,2021,13,15.87142857142857,7.0,0.05714285714285715
83084,2021,14,10.571428571428571,5.628571428571429,1.4285714285714286
83084,2021,15,7.071428571428571,0.10000000000000007,1.2571428571428573
83084,2022,3,19.7,8.95,0.2
83084,2022,4,20.12857142857143,12.771428571428572,4.028571428571428
83084,2022,6,14.733333333333334,5.633333333333333,0.39999999999999997
83084,2022,7,17.87142857142857,9.328571428571427,0.1142857142857143
83084,2022,8,15.37142857142857,8.828571428571427,2.2
83084,2022,9,15.799999999999999,9.028571428571428,7.285714285714286
83084,2022,10,11.614285714285714,4.685714285714285,3.2857142857142856
83084,2022,11,15.200000000000001,8.471428571428572,1.6285714285714286
83084,2022,12,15.171428571428573,5.885714285714286,2.2571428571428576
83084,2022,13,10.142857142857142,3.8428571428571425,6.257142857142857
83084,2022,14,10.485714285714286,5.271428571428571,4.457142857142857
83084,2022,15,10.916666666666666,3.65,0.7000000000000001
83084,2023,1,14.385714285714286,6.314285714285715,1.1428571428571428
83084,2023,2,20.971428571428568,11.514285714285714,3.7142857142857144
83084,2023,3,14.814285714285715,6.871428571428572,7.0
83084,2023,4,16.928571428571427,8.685714285714287,1.3142857142857145
83084,2023,5,10.914285714285715,4.214285714285714,12.285714285714286
83084,2023,6,17.385714285714286,8.257142857142858,0.19999999999999998
83084,2023,7,18.32857142857143,7.457142857142857,2.1142857142857143
83084,2023,8,17.55,8.7,0.5333333333333333
83084,2023,9,16.02857142857143,7.0,1.885714285714286
83084,2023,10,10.785714285714286,3.685714285714286,4.2
83084,2023,12,12.34,7.5,11.280000000000001
83084,2023,13,8.299999999999999,3.585714285714286,19.97142857142857
83084,2023,14,9.885714285714286,3.942857142857143,7.3999999999999995
83084,2023,15,7.542857142857143,1.3142857142857143,9.885714285714286
83084,2024,1,17.711111111111112,9.422222222222222,6.111111111111111
83084,2024,2,19.283333333333335,11.416666666666666,9.966666666666667
83084,2024,3,15.014285714285714,7.3428571428571425,4.571428571428571
83084,2024,4,16.67142857142857,7.014285714285714,6.885714285714286
83084,2024,5,20.150000000000002,9.916666666666666,0.0
83084,2024,6,16.042857142857144,7.357142857142857,15.314285714285715
83084,2024,7,18.385714285714283,9.885714285714286,2.2
83084,2024,8,18.400000000000002,9.1,1.1142857142857143
83084,2024,9,19.314285714285713,10.828571428571427,0.0
83084,2024,10,19.97142857142857,10.042857142857143,0.0
83084,2024,11,16.557142857142857,9.714285714285714,0.7428571428571429
83084,2024,12,13.828571428571427,4.6000000000000005,5.028571428571429
83084,2024,13,16.385714285714286,7.785714285714286,0.0
83084,2024,14,10.799999999999999,5.557142857142857,9.742857142857144
83084,2024,15,9.742857142857144,1.2285714285714289,1.657142857142857
83085,2014,1,12.375,4.05,1.9
83085,2014,2,14.842857142857142,4.471428571428571,0.8857142857142858
83085,2014,3,25.057142857142857,16.042857142857144,0.0
83085,2014,4,15.114285714285714,5.514285714285714,7.314285714285715
83085,2014,5,22.842857142857145,13.757142857142856,0.0
83085,2014,6,20.714285714285715,10.414285714285715,0.19999999999999998
83085,2014,7,18.32857142857143,11.728571428571428,4.628571428571428
83085,2014,8,14.12857142857143,4.5,3.0285714285714285
83085,2014,9,15.042857142857143,7.642857142857143,1.1428571428571428
83085,2014,10,16.157142857142855,7.928571428571429,1.1428571428571428
83085,2014,11,13.471428571428572,7.214285714285714,6.571428571428571
83085,2014,12,10.957142857142857,4.585714285714286,6.799999999999999
83085,2014,13,11.0,5.757142857142858,7.142857142857143
83085,2014,14,11.328571428571427,6.285714285714286,4.571428571428571
83085,2014,15,9.114285714285714,4.585714285714286,9.571428571428571
83085,2015,1,19.424999999999997,11.175,0.4
83085,2015,2,16.47142857142857,10.785714285714286,8.200000000000001
83085,2015,3,13.328571428571427,6.3428571428571425,6.6000000000000005
83085,2015,4,16.2,2.9,0.0
83085,2015,6,19.200000000000003,8.975,0.15
83085,2015,7,16.7,9.200000000000001,7.857142857142857
83085,2015,8,18.428571428571427,11.114285714285714,1.8285714285714285
83085,2015,9,15.028571428571428,9.085714285714285,2.5714285714285716
83085,2015,10,12.185714285714285,3.2142857142857144,0.0
83085,2015,11,13.528571428571428,4.8428571428571425,0.05714285714285715
83085,2015,12,13.485714285714286,4.942857142857143,2.3999999999999995
83085,2015,13,8.242857142857144,2.3428571428571425,2.1142857142857143
83085,2015,14,11.857142857142858,4.828571428571428,0.4571428571428572
83085,2015,15,7.085714285714286,1.4142857142857144,3.8857142857142857
83085,2016,1,13.15,6.3999999999999995,9.1
83085,2016,2,18.071428571428573,7.957142857142856,1.7714285714285716
83085,2016,3,17.214285714285715,10.828571428571427,4.571428571428571
83085,2016,4,13.342857142857143,5.757142857142857,10.37142857142857
83085,2016,5,15.114285714285714,5.442857142857143,4.4
83085,2016,6,19.12857142857143,11.285714285714286,0.0
83085,2016,7,15.042857142857143,5.014285714285714,0.1142857142857143
83085,2016,8,19.728571428571428,11.114285714285714,0.028571428571428574
83085,2016,9,21.614285714285717,12.042857142857143,0.3428571428571429
83085,2016,10,19.985714285714288,12.785714285714286,4.6571428571428575
83085,2016,11,12.442857142857141,6.028571428571428,12.428571428571429
83085,2016,12,11.457142857142857,4.714285714285714,0.39999999999999997
83085,2016,13,10.485714285714286,3.6571428571428575,1.542857142857143
83085,2016,14,10.357142857142858,4.114285714285715,2.7142857142857144
83085,2016,15,11.828571428571427,4.9,0.08571428571428573
83085,2017,1,18.15714285714286,9.4,2.0
83085,2017,2,15.942857142857141,9.657142857142857,14.171428571428573
83085,2017,3,17.32857142857143,8.085714285714285,9.62857142857143
83085,2017,4,19.0,10.685714285714285,0.14285714285714285
83085,2017,5,16.97142857142857,9.642857142857142,0.5142857142857143
83085,2017,6,18.314285714285713,12.271428571428572,11.485714285714286
83085,2017,7,12.571428571428571,4.071428571428571,0.48571428571428577
83085,2017,8,13.885714285714286,4.542857142857143,3.228571428571428
83085,2017,9,16.857142857142858,9.071428571428571,1.5142857142857142
83085,2017,10,15.3,6.785714285714286,0.1142857142857143
83085,2017,11,17.728571428571428,8.042857142857143,1.1428571428571428
83085,2017,12,13.928571428571429,9.242857142857144,11.342857142857142
83085,2017,13,10.37142857142857,2.871428571428571,3.457142857142857
83085,2017,14,8.914285714285715,3.0285714285714285,2.685714285714286
83085,2017,15,8.216666666666667,1.1666666666666665,9.466666666666667
83085,2018,1,18.575,9.8375,0.39999999999999997
83085,2018,2,14.528571428571428,7.528571428571429,9.2
83085,2018,3,19.400000000000002,9.157142857142857,0.08571428571428573
83085,2018,4,21.2,13.75,1.6
83085,2018,5,11.940000000000001,1.5399999999999998,7.08
83085,2018,6,18.82857142857143,11.271428571428572,0.7428571428571429
83085,2018,7,15.357142857142858,6.1000000000000005,0.0
83085,2018,8,13.557142857142859,8.114285714285714,4.8
83085,2018,9,16.014285714285712,6.185714285714285,2.4857142857142853
83085,2018,10,16.342857142857145,6.985714285714286,0.028571428571428574
83085,2018,11,14.457142857142857,6.185714285714285,0.39999999999999997
83085,2018,12,10.6,4.428571428571429,5.885714285714286
83085,2018,13,11.328571428571427,3.085714285714286,7.6
83085,2018,14,14.6,7.3428571428571425,0.0
83085,2018,15,12.028571428571428,6.414285714285714,3.7142857142857144
83085,2019,1,19.966666666666665,11.183333333333332,2.1999999999999997
83085,2019,2,18.5,8.842857142857143,1.1999999999999997
83085,2019,3,24.25714285714286,14.242857142857144,0.19999999999999998
83085,2019,4,23.728571428571428,14.228571428571428,2.085714285714286
83085,2019,5,17.97142857142857,9.728571428571428,4.685714285714285
83085,2019,6,14.471428571428572,8.642857142857142,8.342857142857143
83085,2019,7,14.171428571428573,5.085714285714286,0.8
83085,2019,8,16.82857142857143,7.042857142857143,0.028571428571428574
83085,2019,9,20.785714285714285,11.385714285714286,0.05714285714285715
83085,2019,10,14.442857142857141,6.785714285714286,2.4285714285714284
83085,2019,11,13.657142857142857,4.3,0.37142857142857144
83085,2019,12,14.299999999999999,8.514285714285714,3.714285714285715
83085,2019,14,9.928571428571429,4.4714285714285715,1.5999999999999999
83085,2019,15,8.77142857142857,1.6571428571428568,0.14285714285714285
83085,2021,1,14.87142857142857,6.357142857142857,8.828571428571427
83085,2021,2,15.685714285714285,7.0,0.14285714285714285
83085,2021,3,18.914285714285715,8.471428571428572,0.0
83085,2021,4,14.942857142857141,9.085714285714285,15.457142857142857
83085,2021,5,12.428571428571429,5.314285714285714,18.885714285714283
83085,2021,6,14.957142857142856,7.3428571428571425,4.085714285714286
83085,2021,7,17.314285714285713,9.185714285714285,0.0
83085,2021,8,12.342857142857143,3.7285714285714286,0.0
83085,2021,9,12.516666666666666,1.9166666666666667,0.0
83085,2021,10,12.883333333333333,6.066666666666666,5.3
83085,2021,11,12.457142857142857,5.085714285714286,0.7714285714285715
83085,2021,12,8.257142857142856,4.971428571428571,12.485714285714286
83085,2021,13,14.571428571428571,6.5,0.0
83085,2021,14,9.657142857142857,4.914285714285714,2.142857142857143
83085,2022,1,15.942857142857141,9.357142857142858,0.028571428571428574
83085,2022,2,16.885714285714286,9.471428571428572,0.0
83085,2022,3,16.17142857142857,8.028571428571428,0.08571428571428573
83085,2022,4,17.342857142857145,11.357142857142858,14.285714285714286
83085,2022,5,11.9,4.142857142857143,2.257142857142857
83085,2022,6,14.228571428571428,5.971428571428571,1.3142857142857145
83085,2022,7,16.97142857142857,8.72857142857143,0.1142857142857143
83085,2022,8,14.828571428571427,8.428571428571429,2.314285714285714
83085,2022,9,14.77142857142857,8.571428571428571,8.22857142857143
83085,2022,10,10.828571428571427,4.2,1.0
83085,2022,11,13.928571428571429,8.028571428571428,2.6
83085,2022,12,13.614285714285714,5.714285714285714,1.657142857142857
83085,2022,13,9.228571428571428,3.442857142857143,6.0
83085,2022,14,9.457142857142857,4.857142857142857,4.857142857142857
83085,2022,15,10.285714285714286,3.585714285714286,0.31428571428571433
83085,2023,1,13.385714285714284,6.1000000000000005,0.7714285714285715
83085,2023,2,20.285714285714285,11.485714285714286,1.7714285714285716
83085,2023,3,14.685714285714285,6.3428571428571425,3.857142857142857
83085,2023,4,16.2,8.485714285714286,2.742857142857143
83085,2023,5,13.025,7.800000000000001,7.6
83085,2023,7,20.1,9.5,3.7
83085,2023,8,16.657142857142855,9.185714285714285,0.48571428571428577
83085,2023,9,15.785714285714286,7.228571428571429,1.4285714285714286
83085,2023,10,10.414285714285715,2.742857142857143,5.571428571428571
83085,2023,11,15.9,8.185714285714285,4.342857142857143
83085,2023,12,13.75,4.4,0.0
83085,2023,13,6.3500000000000005,-0.6000000000000001,4.0
83085,2023,14,8.342857142857143,3.7285714285714286,7.314285714285715
83085,2023,15,6.857142857142857,0.8714285714285713,9.4
83085,2024,1,17.900000000000002,7.266666666666667,0.06666666666666667
83085,2024,6,16.900000000000002,8.133333333333335,0.13333333333333333
83085,2024,7,17.157142857142855,9.571428571428571,2.371428571428571
83085,2024,8,17.314285714285713,8.971428571428572,2.7428571428571433
83085,2024,9,18.385714285714283,10.671428571428573,0.0
83085,2024,10,19.32857142857143,10.1,0.0
83085,2024,11,14.440000000000001,7.56,0.72
83085,2024,12,12.9,4.3428571428571425,5.485714285714286
83085,2024,13,15.5,7.257142857142857,0.0
83085,2024,14,10.185714285714287,5.128571428571428,8.485714285714286
83085,2024,15,7.785714285714286,1.042857142857143,2.4
85291,2014,1,12.737499999999999,3.5875,1.3
85291,2014,2,14.714285714285714,5.642857142857143,2.3714285714285714
85291,2014,3,25.67142857142857,16.728571428571428,0.0
85291,2014,4,15.071428571428571,5.057142857142857,5.942857142857143
85291,2014,5,24.485714285714288,14.971428571428572,0.0
85291,2014,6,22.2,11.614285714285716,0.2285714285714286
85291,2014,7,19.599999999999998,11.457142857142857,4.742857142857143
85291,2014,8,13.542857142857143,4.4,9.22857142857143
85291,2014,9,15.528571428571428,7.742857142857143,0.0
85291,2014,10,16.95714285714286,9.085714285714285,0.22857142857142856
85291,2014,11,15.542857142857143,8.299999999999999,5.6000000000000005
85291,2014,12,11.728571428571428,4.0,5.114285714285714
85291,2014,13,13.342857142857143,6.128571428571428,2.1714285714285713
85291,2014,14,13.428571428571429,7.957142857142857,0.7428571428571429
85291,2014,15,10.714285714285714,6.8428571428571425,17.142857142857142
85291,2015,1,20.95,10.2,0.8
85291,2015,2,18.414285714285715,11.057142857142859,5.085714285714286
85291,2015,3,12.071428571428571,6.642857142857143,7.0
85291,2015,4,17.6,8.514285714285714,2.8000000000000003
85291,2015,5,8.766666666666667,2.1333333333333333,2.3666666666666667
85291,2015,6,17.142857142857142,8.242857142857144,0.0
85291,2015,7,19.428571428571427,9.714285714285714,6.457142857142857
85291,2015,8,20.585714285714285,12.071428571428571,2.542857142857143
85291,2015,9,15.114285714285714,7.314285714285715,7.571428571428571
85291,2015,10,11.62857142857143,3.542857142857143,3.342857142857143
85291,2015,11,12.742857142857144,4.271428571428571,1.8571428571428572
85291,2015,12,13.957142857142857,4.914285714285714,1.4285714285714286
85291,2015,13,8.8,2.185714285714286,7.799999999999999
85291,2015,14,12.071428571428571,4.5,1.6857142857142857
85291,2015,15,8.9,2.5714285714285716,5.314285714285714
85291,2016,1,14.200000000000001,7.2,3.3666666666666667
85291,2016,2,18.228571428571428,7.857142857142857,3.9714285714285715
85291,2016,3,18.685714285714287,11.1,2.914285714285714
85291,2016,4,14.671428571428573,6.671428571428572,11.200000000000001
85291,2016,5,16.17142857142857,7.071428571428571,5.285714285714286
85291,2016,6,18.7,10.514285714285714,0.0
85291,2016,7,13.042857142857143,4.028571428571429,4.971428571428571
85291,2016,8,19.114285714285717,10.585714285714285,0.17142857142857143
85291,2016,9,22.571428571428573,13.314285714285715,0.1142857142857143
85291,2016,10,20.571428571428573,14.342857142857143,2.8285714285714287
85291,2016,11,12.15,5.733333333333333,10.666666666666666
85291,2016,12,11.12857142857143,4.928571428571429,0.9714285714285715
85291,2016,13,10.12857142857143,3.4,1.0857142857142856
85291,2016,14,10.585714285714285,4.228571428571429,2.8285714285714287
85291,2016,15,11.6,5.714285714285714,0.7428571428571429
85291,2017,1,19.728571428571428,10.87142857142857,1.5999999999999999
85291,2017,2,16.514285714285716,7.857142857142857,1.7714285714285716
85291,2017,3,17.771428571428572,6.3,3.1714285714285713
85291,2017,4,18.82857142857143,9.842857142857143,1.4571428571428573
85291,2017,5,17.04285714285714,7.942857142857143,0.2571428571428572
85291,2017,6,17.842857142857145,11.785714285714286,7.428571428571429
85291,2017,7,12.071428571428571,4.357142857142857,3.914285714285714
85291,2017,8,13.585714285714285,4.0,3.7428571428571433
85291,2017,9,18.457142857142856,10.299999999999999,0.0
85291,2017,10,16.7,8.299999999999999,0.9142857142857144
85291,2017,11,19.771428571428572,9.714285714285714,0.08571428571428573
85291,2017,12,15.77142857142857,10.37142857142857,1.7142857142857142
85291,2017,13,9.771428571428572,2.957142857142857,6.171428571428572
85291,2017,14,11.62857142857143,5.0,2.314285714285714
85291,2017,15,9.657142857142857,1.6714285714285713,7.257142857142858
85291,2018,1,19.175,9.4,0.325
85291,2018,2,14.785714285714286,7.8999999999999995,7.057142857142858
85291,2018,3,19.8,9.416666666666666,0.5666666666666668
85291,2018,4,23.683333333333334,14.950000000000001,0.19999999999999998
85291,2018,5,13.385714285714286,5.442857142857143,2.1714285714285717
85291,2018,6,19.116666666666667,11.35,0.4666666666666666
85291,2018,7,14.0,5.271428571428571,1.0
85291,2018,8,15.457142857142856,9.057142857142857,1.6857142857142857
85291,2018,9,15.6,6.228571428571429,0.7714285714285715
85291,2018,10,16.216666666666665,7.8500000000000005,0.0
85291,2018,11,14.4,5.757142857142858,0.05714285714285715
85291,2018,12,11.742857142857144,5.685714285714285,4.428571428571429
85291,2018,13,12.700000000000001,3.857142857142857,3.4
85291,2018,14,15.457142857142857,6.514285714285714,0.028571428571428574
85291,2018,15,13.0,6.233333333333333,3.1333333333333333
85291,2019,1,19.349999999999998,10.316666666666666,1.4333333333333333
85291,2019,2,18.8,7.814285714285715,0.6285714285714287
85291,2019,3,23.666666666666668,12.583333333333334,1.0666666666666667
85291,2019,4,24.3,14.533333333333333,1.0999999999999999
85291,2019,5,21.880000000000003,8.180000000000001,0.48
85291,2019,6,15.333333333333334,8.566666666666666,3.033333333333333
85291,2019,7,12.44,4.12,3.16
85291,2019,8,14.85,4.216666666666667,0.5
85291,2019,9,23.28,14.98,0.0
85291,2019,10,14.785714285714286,7.228571428571428,4.3999999999999995
85291,2019,11,11.950000000000001,3.7999999999999994,1.3333333333333333
85291,2019,12,17.316666666666666,10.183333333333334,0.3333333333333333
85291,2019,13,10.516666666666667,2.2666666666666666,8.533333333333333
85291,2019,14,12.700000000000001,5.285714285714286,1.0857142857142856
85291,2019,15,8.757142857142856,2.057142857142857,8.22857142857143
85291,2020,1,16.5,3.5,0.2
85291,2020,2,20.4,11.6,0.0
85291,2020,3,16.333333333333332,7.066666666666667,6.766666666666667
85291,2020,5,24.4,14.9,0.0
85291,2020,6,15.416666666666666,6.6000000000000005,5.066666666666666
85291,2020,7,15.683333333333332,10.283333333333333,7.533333333333334
85291,2020,8,16.34,6.840000000000001,0.44000000000000006
85291,2020,9,13.666666666666666,5.816666666666666,2.8000000000000003
85291,2020,10,11.216666666666667,5.966666666666666,9.533333333333333
85291,2020,11,12.733333333333334,5.15,6.266666666666667
85291,2020,12,14.540000000000001,6.94,0.36
85291,2020,13,10.9,2.483333333333333,1.2
85291,2020,14,12.433333333333332,5.566666666666666,6.6000000000000005
85291,2020,15,7.849999999999999,1.2833333333333332,10.733333333333334
85291,2021,1,16.360000000000003,8.1,13.4
85291,2021,2,17.08,8.4,0.0
85291,2021,3,16.783333333333335,6.8999999999999995,0.43333333333333335
85291,2021,4,12.1,6.449999999999999,10.35
85291,2021,5,12.333333333333334,6.466666666666666,1.6333333333333335
85291,2021,6,15.4,6.471428571428571,2.2857142857142856
85291,2021,7,19.216666666666665,10.066666666666666,0.0
85291,2021,8,10.985714285714286,2.3857142857142857,3.4857142857142853
85291,2021,9,9.542857142857143,2.3285714285714287,2.742857142857143
85291,2021,10,14.057142857142859,6.8999999999999995,10.171428571428569
85291,2021,11,13.614285714285714,5.8999999999999995,0.37142857142857144
85291,2021,12,10.725,7.475,15.1
85291,2021,13,14.524999999999999,6.25,0.7
85291,2021,14,14.459999999999999,8.3,0.9199999999999999
85291,2021,15,5.35,0.10000000000000003,8.0
85291,2022,1,16.714285714285715,9.528571428571428,2.028571428571429
85291,2022,2,18.885714285714283,10.985714285714286,0.2
85291,2022,3,17.5,9.128571428571428,0.05714285714285715
85291,2022,4,20.771428571428572,13.328571428571427,5.314285714285715
85291,2022,5,12.4,5.928571428571429,2.371428571428571
85291,2022,6,16.150000000000002,6.316666666666666,0.10000000000000002
85291,2022,7,18.014285714285712,8.814285714285715,3.0
85291,2022,8,16.02857142857143,8.37142857142857,1.457142857142857
85291,2022,9,15.5,9.9,5.333333333333333
85291,2022,10,12.085714285714285,4.971428571428571,2.057142857142857
85291,2022,11,15.757142857142856,8.942857142857141,7.057142857142858
85291,2022,12,14.342857142857143,6.542857142857143,3.514285714285714
85291,2022,13,9.728571428571428,4.971428571428571,10.4
85291,2022,14,10.742857142857144,5.514285714285714,5.371428571428572
85291,2022,15,11.442857142857141,5.185714285714285,0.34285714285714286
85291,2023,1,14.028571428571428,6.728571428571429,1.342857142857143
85291,2023,2,21.47142857142857,12.571428571428571,0.028571428571428574
85291,2023,3,15.942857142857145,7.228571428571429,6.971428571428571
85291,2023,4,17.285714285714285,9.1,1.0
85291,2023,5,10.414285714285715,3.8285714285714287,7.542857142857144
85291,2023,6,17.142857142857142,8.157142857142857,0.942857142857143
85291,2023,7,18.514285714285712,8.285714285714286,0.2857142857142857
85291,2023,8,17.45714285714286,8.814285714285715,0.37142857142857144
85291,2023,9,16.414285714285715,6.385714285714286,0.31428571428571433
85291,2023,10,11.1,3.242857142857143,6.428571428571429
85291,2023,11,17.099999999999998,8.442857142857143,1.6285714285714283
85291,2023,12,13.928571428571429,5.542857142857143,2.8857142857142857
85291,2023,14,10.257142857142856,5.314285714285715,10.6
85291,2023,15,8.585714285714285,2.642857142857143,9.799999999999999
85291,2024,1,18.571428571428573,9.314285714285715,0.05714285714285715
85291,2024,2,18.728571428571428,11.314285714285715,16.22857142857143
85291,2024,3,14.0,7.257142857142857,2.5714285714285716
85291,2024,4,16.04285714285714,6.257142857142858,3.0285714285714285
85291,2024,5,18.357142857142858,6.942857142857143,0.14285714285714285
85291,2024,6,15.857142857142858,7.028571428571429,0.2285714285714286
85291,2024,7,23.0,13.9,0.0
85291,2024,8,18.05,2.95,0.8
85291,2024,9,18.233333333333334,9.45,0.03333333333333333
85291,2024,10,22.95,13.275,0.0
85291,2024,11,16.066666666666666,10.950000000000001,0.8666666666666667
85291,2024,12,12.016666666666666,3.533333333333333,4.666666666666667
85291,2024,13,15.733333333333334,7.2,0.0
85291,2024,14,10.485714285714286,4.8999999999999995,12.599999999999998
85291,2024,15,8.9,1.5,13.466666666666667
